nom,siret,rdv_url,matched_nom_mongo
Mission locale pour l'insertion professionnelle et sociale des jeunes (16-25 ans) - Saint-Jorioz,32970535400036,https://www.app.mljba.fr/prendre-rendez-vous-2,JEUNES DU BASSIN ANNECIEN
Mission locale pour l'insertion professionnelle et sociale des jeunes (16-25 ans) - Abbeville,43012526000017,https://www.mlpm.org/preinscription-a-la-mission-locale/,DE LA PICARDIE MARITIME
Mission locale pour l'insertion professionnelle et sociale des jeunes (16-25 ans) - Achicourt,48519693500061,https://www.mem-artois.fr/inscription/,ET DES METIERS EN PAYS D'ARTOIS
Mission locale pour l'insertion professionnelle et sociale des jeunes (16-25 ans) - Albertville,35350070500051,https://www.mljat.com/minscrire,DE LA TARENTAISE
Mission locale pour l'insertion professionnelle et sociale des jeunes (16-25 ans) - Angerville,39249021500069,https://www.missionlocalesudessonne.com/inscription,SUD ESSONNE
Mission locale pour l'insertion professionnelle et sociale des jeunes (16-25 ans) - Auchel,43962460200033,https://www.mlabethune.fr/preinscription-a-la-mission-locale/,DE L’ARRONDISSEMENT DE BÉTHUNE
Mission locale pour l'insertion professionnelle et sociale des jeunes (16-25 ans) - Avallon,33260439600017,https://missionslocales-bfc.fr/mission-locale-tonnerrois-avallonnais/sinscrire-a-la-mission-locale/,DU MIGENNOIS ET JOVINIEN
Mission locale pour l'insertion professionnelle et sociale des jeunes (16-25 ans) - Belfort - René-Payot,32826314000035,https://missionslocales-bfc.fr/mission-locale-90/sinscrire-a-la-mission-locale/,DU TERRITOIRE DE BELFORT
Mission locale pour l'insertion professionnelle et sociale des jeunes (16-25 ans) - Berre-l'Étang,40777645900023,https://www.missionlocale-eeb.org/inscription,EST ETANG DE BERRE
Mission locale pour l'insertion professionnelle et sociale des jeunes (16-25 ans) - Besançon,32984397300036,https://www.missionlocale-besancon.fr/contact,DU BASSIN D'EMPLOI DE BESANCON
Mission locale pour l'insertion professionnelle et sociale des jeunes (16-25 ans) - Draguignan,41078420100031,https://www.ml-dcv.org/prendre-rendez-vous.html,DRACENIE CŒUR DU VAR
Mission locale pour l'insertion professionnelle et sociale des jeunes (16-25 ans) - Hyères,40225330600029,https://www.missionlocalecorail.fr/prendre-rendez-vous/,C.O.R.A.I.L.
Mission locale pour l'insertion professionnelle et sociale des jeunes (16-25 ans) - Illkirch-Graffenstaden,34306524900017,https://www.mlpe.eu/je-m-inscris/,POUR L'EMPLOI STRASBOURG EUROMETROPOLE
Mission locale pour l'insertion professionnelle et sociale des jeunes (16-25 ans) - La Flèche,51205627600011,https://www.ml-sartheloir.fr/prendre-rendez-vous,SARTHE ET LOIR
Mission locale pour l'insertion professionnelle et sociale des jeunes (16-25 ans) - La Madeleine,44194840300023,https://emploi-mno.fr/pre-inscription-mission-locale/,ALPES
Mission locale pour l'insertion professionnelle et sociale des jeunes (16-25 ans) - La Plaine-des-Palmistes - Est Réunion,38210406500034,https://missionlocaleest.re/index.php/2023/07/20/sinscrire-a-la-mission-locale-est/,EST
Mission locale pour l'insertion professionnelle et sociale des jeunes (16-25 ans) - La Possession - Ouest Réunion,38150293900022,https://mio-reunion.re/preinscription-a-la-mio/,INTERCOMMUNALE DE L'OUEST
Mission locale pour l'insertion professionnelle et sociale des jeunes (16-25 ans) - Lannion,32678184600042,https://www.ajoca.fr/mon-rendez-vous,OUEST COTES D'ARMOR
Mission locale pour l'insertion professionnelle et sociale des jeunes (16-25 ans) - Lille - Faubourg des Postes,37887770800040,https://missionlocale-lille.fr/inscription/,LILLE AVENIRS
"Mission locale pour l'insertion professionnelle et sociale des jeunes (16-25 ans) - Marseille, (4e, 5e, 6e et 8e arrondissements)",41035534100042,https://missionlocalemarseille.fr/pre-inscription/,DE MARSEILLE
Mission locale pour l'insertion professionnelle et sociale des jeunes (16-25 ans) - Mons-en-Barœul,35299815700015,https://www.adelie-vamb.fr/inscription-mission-locale,ADELIE
Mission locale pour l'insertion professionnelle et sociale des jeunes (16-25 ans) - Montereau-Fault-Yonne,42257321200038,https://mlmontereau.fr/contactez-nous-la-mission-locale-du-bassin-economique-de-montereau/,DU BASSIN ECONOMIQUE DE MONTEREAU
Mission locale pour l'insertion professionnelle et sociale des jeunes (16-25 ans) - Paris - 19e - Hautpoul,53132862300149,https://www.missionlocale.paris/jeunes/essentiels/pre-inscription-a-la-mlp/,DE PARIS
Mission locale pour l'insertion professionnelle et sociale des jeunes (16-25 ans) - Reims - Trianon,32609366300036,https://mission-locale-reims.fr/inscription-contact/,POUR LA JEUNESSE DE REIMS
Mission locale pour l'insertion professionnelle et sociale des jeunes (16-25 ans) - Roanne,38165459900020,https://mlroanne.org/inscription/,ESPACE 2M
Mission locale pour l'insertion professionnelle et sociale des jeunes (16-25 ans) - Saint-Hippolyte-du-Fort,44151892500058,https://mlgc-jeunes.org/prendre-rendez-vous/,GARRIGUE ET CEVENNES
Mission locale pour l'insertion professionnelle et sociale des jeunes (16-25 ans) - Thonon-les-Bains,40117388500047,https://www.mljchablais.org/sinscrire-la-mission-locale,JEUNES DU CHABLAIS
Mission locale pour l'insertion professionnelle et sociale des jeunes (16-25 ans) - Toulouse - Guy-Hersant,32871136100159,https://www.mltoulouse.org/formulaire-de-pre-inscription/,DE TOULOUSE
Mission locale pour l'insertion professionnelle et sociale des jeunes (16-25 ans) - Villefranche-sur-Saône,40056836600027,https://www.mlvfb.app/sinscrire-la-mission-locale,AVENIR JEUNES VILLEFRANCHE BEAUJOLAIS
Mission locale pour l'insertion professionnelle et sociale des jeunes (16-25 ans) - Vinon-sur-Verdon,43196288500031,https://www.missionlocale-ohv.fr/prendre-rendez-vous/,OUEST HAUT VAR
Mission locale pour l'insertion professionnelle et sociale des jeunes (16-25 ans) - Vitry-sur-Seine,18940906300071,https://mission-locale-ivry-vitry.fr/espace-jeunes/prendre-rdv/,IVRY-VITRY SUR SEINE
Mission locale pour l'insertion professionnelle et sociale des jeunes (16-25 ans) - Vénissieux,32601849600058,https://app.mlvenissieux.fr/sinscrire-la-mission-locale,DE VENISSIEUX
